<?xml version="1.0"?>
<!--<!DOCTYPE metadata SYSTEM "http://www.esri.com/metadata/esriprof80.dtd">-->
<metadata xml:lang="en"><Esri><MetaID>{44CA221F-A1DE-4C7D-8EC8-B5EBC0F8631C}</MetaID><CreaDate>20121114</CreaDate><CreaTime>16210400</CreaTime><SyncOnce>TRUE</SyncOnce><DataProperties><lineage><Process ToolSource="C:\Program Files\ArcGIS\ArcToolbox\Toolboxes\Data Management Tools.tbx\DefineProjection" Date="20121114" Time="162104">DefineProjection "D:\BSC 2005\Ground Water\genale\bore hole\gd_wpoint.shp" PROJCS['WGS_1984_UTM_Zone_37N',GEOGCS['GCS_WGS_1984',DATUM['D_WGS_1984',SPHEROID['WGS_1984',6378137.0,298.257223563]],PRIMEM['Greenwich',0.0],UNIT['Degree',0.0174532925199433]],PROJECTION['Transverse_Mercator'],PARAMETER['False_Easting',500000.0],PARAMETER['False_Northing',0.0],PARAMETER['Central_Meridian',39.0],PARAMETER['Scale_Factor',0.9996],PARAMETER['Latitude_Of_Origin',0.0],UNIT['Meter',1.0]] "D:\BSC 2005\Ground Water\genale\bore hole\gd_wpoint.shp"</Process></lineage></DataProperties></Esri></metadata>
