<?xml version="1.0"?>
<!--<!DOCTYPE metadata SYSTEM "http://www.esri.com/metadata/esriprof80.dtd">-->
<metadata xml:lang="en"><Esri><CreaDate>20130716</CreaDate><CreaTime>12292700</CreaTime><SyncOnce>TRUE</SyncOnce><DataProperties><lineage><Process ToolSource="C:\Program Files\ArcGIS\ArcToolbox\Toolboxes\Data Management Tools.tbx\DefineProjection" Date="20130425" Time="103642">DefineProjection "abbay bore hole" PROJCS['Adindan_UTM_Zone_37N',GEOGCS['GCS_Adindan',DATUM['D_Adindan',SPHEROID['Clarke_1880_RGS',6378249.145,293.465]],PRIMEM['Greenwich',0.0],UNIT['Degree',0.0174532925199433]],PROJECTION['Transverse_Mercator'],PARAMETER['False_Easting',500000.0],PARAMETER['False_Northing',0.0],PARAMETER['Central_Meridian',39.0],PARAMETER['Scale_Factor',0.9996],PARAMETER['Latitude_Of_Origin',0.0],UNIT['Meter',1.0]] "abbay bore hole"</Process></lineage><itemProps><itemLocation><linkage Sync="TRUE">file://\\OCHAETHGIS\GIS_OCHA\02_Base_data\04_Hydrology\04_Borehol_locations_Somali\abbay bore hole</linkage><protocol Sync="TRUE">Local Area Network</protocol></itemLocation></itemProps><copyHistory><copy source="I:\ground waterData\abbay bore hole" dest="\\OCHAETHGIS\GIS_OCHA\02_Base_data\04_Hydrology\04_Borehol_locations_Somali\abbay bore hole" date="20130716" time="12292700"></copy></copyHistory></DataProperties></Esri></metadata>
