<?xml version="1.0" encoding="UTF-8"?>
<metadata xml:lang="en"><Esri><CreaDate>20130716</CreaDate><CreaTime>12294700</CreaTime><SyncOnce>TRUE</SyncOnce><DataProperties><itemProps><itemLocation><linkage Sync="TRUE">file://\\OCHAETHGIS\GIS_OCHA\02_Base_data\04_Hydrology\04_Borehol_locations_Somali\tk-ground water</linkage><protocol Sync="TRUE">Local Area Network</protocol></itemLocation></itemProps><copyHistory><copy source="I:\ground waterData\tk-ground water" dest="\\OCHAETHGIS\GIS_OCHA\02_Base_data\04_Hydrology\04_Borehol_locations_Somali\tk-ground water" date="20130716" time="12294700"></copy></copyHistory><lineage><Process ToolSource="c:\program files (x86)\arcgis\desktop10.0\ArcToolbox\Toolboxes\Data Management Tools.tbx\DefineProjection" Date="20130722" Time="155329">DefineProjection "tk-ground water" PROJCS['Adindan_UTM_Zone_37N',GEOGCS['GCS_Adindan',DATUM['D_Adindan',SPHEROID['Clarke_1880_RGS',6378249.145,293.465]],PRIMEM['Greenwich',0.0],UNIT['Degree',0.0174532925199433]],PROJECTION['Transverse_Mercator'],PARAMETER['False_Easting',500000.0],PARAMETER['False_Northing',0.0],PARAMETER['Central_Meridian',39.0],PARAMETER['Scale_Factor',0.9996],PARAMETER['Latitude_Of_Origin',0.0],UNIT['Meter',1.0]]</Process></lineage></DataProperties></Esri></metadata>
