<?xml version="1.0" encoding="UTF-8"?>
<metadata xml:lang="en"><Esri><CreaDate>20180306</CreaDate><CreaTime>14374400</CreaTime><ArcGISFormat>1.0</ArcGISFormat><SyncOnce>TRUE</SyncOnce><DataProperties><itemProps><itemLocation><linkage Sync="TRUE">file://\\ADMIN-PC\D$\WASH\2018\Spatial Data\Shapefile\Boreholes_Oromia_Feb_6_2018</linkage><protocol Sync="TRUE">Local Area Network</protocol></itemLocation></itemProps><copyHistory><copy source="D:\WASH\2017\Shapefile\Boreholes_Oromia_Feb_6_2018" dest="\\ADMIN-PC\D$\WASH\2018\Spatial Data\Shapefile\Boreholes_Oromia_Feb_6_2018" date="20180206" time="15203100"></copy></copyHistory></DataProperties></Esri></metadata>
