<?xml version="1.0" encoding="UTF-8"?>
<metadata xml:lang="en"><Esri><CreaDate>20180306</CreaDate><CreaTime>14383400</CreaTime><ArcGISFormat>1.0</ArcGISFormat><SyncOnce>TRUE</SyncOnce><DataProperties><itemProps><itemLocation><linkage Sync="TRUE">file://\\ADMIN-PC\D$\WASH\2018\Spatial Data\Shapefile\For OCHA\Deepwell&amp;shallowwells_2011</linkage><protocol Sync="TRUE">Local Area Network</protocol></itemLocation></itemProps><copyHistory><copy source="D:\WASH\2017\Shapefile\Deepwell&amp;shallowwells_2011" dest="\\ADMIN-PC\D$\WASH\2018\Spatial Data\Shapefile\For OCHA\Deepwell&amp;shallowwells_2011" date="20180306" time="14383500"></copy></copyHistory></DataProperties></Esri></metadata>
